Genename,Methotrexate,Methotrexate,Methotrexate,Methotrexate,Methotrexate,Neg_control,Blebbistatin,Blebbistatin,Blebbistatin,Blebbistatin,Blebbistatin,Neg_control,Camptothecin,Camptothecin,Camptothecin,Camptothecin,Methotrexate,Doxorubicin hydrochloride,Doxorubicin hydrochloride,Doxorubicin hydrochloride,Doxorubicin hydrochloride,Blebbistatin,Cycloheximide,Cycloheximide,Cycloheximide,Cycloheximide,Camptothecin,Camptothecin,Aclacinomycin A,Aclacinomycin A,Aclacinomycin A,Aclacinomycin A,Doxorubicin hydrochloride,Doxorubicin hydrochloride,Etoposide,Etoposide,Etoposide,Neg_control,Cycloheximide,Cycloheximide,Geldanamycin,Geldanamycin,Geldanamycin,Neg_control,Aclacinomycin A,Aclacinomycin A,Mitomycin C,Mitomycin C,Etoposide,Etoposide,Etoposide,Rapamycin,Rapamycin,Geldanamycin,Geldanamycin,Geldanamycin,Trichostatin A,Trichostatin A,Mitomycin C,Mitomycin C,Mitomycin C,Mitomycin C,Vincristine,Vincristine,Rapamycin,Rapamycin,Rapamycin,Rapamycin,Monastrol,Neg_control,Trichostatin A,Trichostatin A,Trichostatin A,Trichostatin A,"H-7, Dihydrochloride",Neg_control,Vincristine,Vincristine,Vincristine,Vincristine,Neg_control,Monastrol,Monastrol,Monastrol,Monastrol,Monastrol,Neg_control,"H-7, Dihydrochloride","H-7, Dihydrochloride","H-7, Dihydrochloride","H-7, Dihydrochloride","H-7, Dihydrochloride",Methotrexate,Methotrexate,Methotrexate,Methotrexate,Methotrexate,Neg_control,Blebbistatin,Blebbistatin,Blebbistatin,Blebbistatin
RNF43,4.39,4.31,4.83,4.75,4.42,4.15,4.42,4.23,4.41,4.29,4.29,4.31,4.35,4.3,4.41,4.53,4.08,4.3,4.34,4.28,4.37,4.23,4.16,4.56,4.42,4.38,4.16,4.24,4.33,4.7,4.22,4.32,4.29,4.24,4.32,4.58,4.28,4.43,4.28,4.25,4.34,4.16,4.18,4.25,4.19,4.53,4.24,4.02,4.25,4.45,4.25,4.39,4.11,4.02,4.47,4.3,4.23,4.07,4.29,4.28,4.36,4.17,4.44,4.46,4.32,4.18,4.31,4.3,4.35,4.06,4.41,4.4,4.35,4.34,4.27,4.32,4.24,4.28,4.29,4.35,4.22,4.35,4.37,4.27,4.57,4.25,4.38,4.59,4.5,4.09,4.35,4.6,4.68,4.72,4.26,4.27,4.58,4.81,4.54,4.34,5.07,5.7
PLEKHH2,4.02,3.99,3.79,3.99,4.08,4.07,4.03,3.94,4.03,4.3,4.18,4.03,4.17,4.05,3.87,4.02,3.95,4.21,3.92,4.02,3.94,4.27,3.99,4.04,4.31,4.09,3.83,4.08,3.97,4.53,4.11,4.24,4.43,4.17,3.94,3.91,3.94,4.06,4.07,4.35,4.15,4.05,4.01,4.21,3.98,4.24,4.18,3.88,4.08,4.02,4.11,4.36,4.26,4.1,4.32,4,3.82,4.25,3.92,4.06,3.92,4,3.93,4.03,4.16,4.22,3.95,3.95,3.79,4.18,4.08,3.95,3.86,4.33,4.07,4.43,4.13,4.16,4.05,3.92,3.88,4.17,4.02,3.93,3.99,3.66,3.96,4.38,4.16,4.08,4.39,4,3.82,4.3,3.89,4.15,3.85,3.76,3.91,4.23,4.13,3.91
PLEKHH2,3.75,4.22,3.94,4.06,4.13,4.11,4.15,4.24,4.35,4.78,4.36,4.44,3.99,3.79,4.23,4.11,4.22,4.01,4.41,4.53,4.13,4.55,4.36,4.1,3.8,3.96,4.07,3.91,4.3,4.42,4.27,4.16,4.48,4.27,4,3.5,3.82,3.81,4.05,3.99,4.06,4.07,3.89,4.06,4.12,4.17,3.78,3.66,3.98,4.04,3.81,3.84,3.99,4.1,4.14,4.1,3.98,4.02,3.94,3.88,3.78,3.78,4.4,3.83,3.82,3.94,4.11,4.08,3.97,4.16,3.84,4.05,3.89,4.1,3.94,4.09,3.91,3.89,3.96,3.97,3.95,3.82,3.81,3.86,4.05,3.93,3.87,4.18,4.08,3.73,4.08,3.85,3.86,5,3.87,4.52,4.16,4.27,5.34,5.8,4,5.19
YME1L1,9.73,9.59,9.19,9.59,9.62,9.74,9.59,9.93,9.5,9.32,9.59,9.78,9.23,9.28,9.18,9.52,9.63,9.74,9.82,9.5,9.68,9.56,9.92,9.76,10.03,9.8,9.57,9.75,9.75,9.58,9.71,9.81,9.59,9.64,9.6,9.58,9.5,9.65,9.58,9.54,9.8,9.5,9.88,9.68,9.67,9.55,9.6,9.57,9.51,9.55,9.69,9.73,9.74,9.79,9.64,9.68,9.47,9.51,9.6,9.43,9.28,9.46,9.51,9.7,9.7,9.48,9.36,9.59,9.4,9.56,9.5,9.65,9.43,9.46,9.71,9.56,9.6,9.71,9.53,9.56,9.49,9.22,9.35,9.33,9.37,9.43,9.6,9.73,9.58,9.68,9.59,9.64,9.89,9.14,9.98,9.74,9.83,9.41,9.77,9.54,9.69,9.66
YME1L1,10.23,10.08,9.84,10.08,10.14,10.29,10.07,10.3,10.17,9.96,10.35,10.44,9.97,9.99,9.98,10.14,9.98,10.26,10.23,9.95,10.51,10.4,10.14,10.14,10.24,10.15,9.99,10.04,10.22,10.2,10.38,10.28,10.21,10.19,10.1,10.03,9.92,10.04,10.1,10.2,10.3,9.9,10.08,10.09,10.3,10.19,10.14,10.08,10.04,10.07,10.13,10.14,10.11,10.32,10.13,10.22,10.02,10.08,10.13,10.09,9.97,10.11,10.11,10.09,10.2,9.95,10.33,10.21,10.09,10.08,9.97,10.17,10.16,10.01,10.53,10.1,10.35,10.17,10.35,10.21,10.11,10.03,10.03,10.08,10.17,10.12,10.1,10.68,10.43,10.59,10.36,10.57,10.32,9.87,10.45,10.35,10.27,9.64,10,10.16,10.24,10.19
CAPRIN1,8.85,9.19,7.68,9.19,9.09,9.16,8.96,9.02,8.92,8.87,8.96,8.87,8.55,8.73,8.64,8.89,9.04,9.22,9.17,8.81,8.89,8.99,9.29,9.12,9.31,9.44,9.04,9.05,9.03,9.21,9.21,9.19,9.12,9.12,9.27,9.16,9.02,9.22,9.4,8.97,9.14,8.81,8.68,9.19,9.15,9.06,9.15,9.19,9.15,9.13,9.01,9.08,9.15,9.05,8.94,9.16,8.83,8.69,9.19,9.28,9.19,8.89,9.12,9,9.3,9.22,9.37,9.37,9.15,9.27,8.86,8.84,8.62,8.65,8.84,9.25,9.24,9.15,9.41,9.16,9.22,9.27,9.25,9.11,9.32,9.36,9.23,9.46,9.22,9.48,9.13,8.86,9.33,9.71,9.47,9.12,9.69,9.14,8.14,8.43,8.49,9.16
CAPRIN1,6.57,6.6,6.69,6.44,6.52,6.52,6.4,6.26,6.43,6.54,6.69,6.43,5.47,5.2,5.24,6.53,6.67,6.29,6.33,6.51,6.5,6.35,7.05,6.76,6.81,6.82,6.52,6.51,6.68,6.19,6.73,6.52,6.54,6.32,6.48,6.33,6.19,6.62,6.6,6.61,6.06,6.49,6.95,6.62,6.55,6.53,6.5,6.57,6.28,6.6,6.47,6.64,6.77,6.69,6.83,6.53,6.44,6.26,6.58,6.58,6.64,6.53,6.47,6.64,6.87,6.77,6.84,6.65,6.79,6.64,6.43,6.19,6.68,6.46,6.18,6.59,6.65,6.68,6.96,6.82,6.6,6.77,6.75,6.49,6.68,6.48,6.24,5.57,5.65,5.63,5.93,5.61,6.64,5.79,7.33,6.47,6.51,5.26,6.99,6.19,6.57,6.29
CAPRIN1,6.03,6.11,5.52,5.76,5.79,6.27,5.96,5.95,6.04,5.83,6,5.69,5.97,5.89,5.87,6.06,6.31,5.91,5.38,6.02,5.82,5.72,6.31,6.35,6.15,6.36,6.28,6.23,6.07,5.83,6.08,5.87,5.87,5.94,6.14,6.21,6.18,6.29,5.71,6.08,5.88,5.72,6.08,5.84,6.1,6.15,6.27,6.2,5.97,6.1,6.29,6.11,6.27,6.2,6.18,6.34,6.16,6.14,6.17,6.32,6.47,6.34,6.22,6.14,6.17,6.22,6.36,6.33,6.19,6.1,5.89,5.81,6.38,6.25,6.21,6.21,6.25,6.15,6.31,6.06,6.32,6.33,6.43,6.16,6.34,6.15,6.05,6.13,6.18,5.81,5.96,5.67,6.32,6.1,6.79,5.76,6.09,6.41,5.69,5.66,6.41,5.24
CAPRIN1,11.28,11.31,10.63,11.38,11.28,11.4,11.38,11.33,11.32,11.34,11.43,11.45,11.07,10.97,10.95,11.35,11.36,11.36,11.34,11.32,11.47,11.39,11.26,11.29,11.35,11.45,11.33,11.32,11.32,11.34,11.44,11.41,11.39,11.45,11.35,11.37,11.31,11.35,11.37,11.46,11.23,11.25,11.33,11.4,11.32,11.38,11.34,11.38,11.28,11.27,11.3,11.41,11.45,11.39,11.36,11.4,10.88,10.99,11.33,11.35,11.2,11.23,11.28,11.31,11.44,11.38,11.52,11.54,11.27,11.41,10.96,10.96,10.87,10.89,11.13,11.34,11.35,11.47,11.53,11.43,11.37,11.31,11.33,11.25,11.28,11.33,11.34,11.3,11.2,11.51,11.51,11.57,11.27,11.04,11.37,11.34,11.45,11.16,10.92,10.96,11.08,11.14
CAPRIN1,11.05,11.19,11.22,10.81,11.14,11.26,11.13,11.07,11.16,11.15,11.25,11.11,11.06,11.07,10.81,11.06,11.22,11.08,11.15,10.96,11.19,11.33,11.12,11.21,11.22,11.23,11.19,11.15,11.36,11.22,11.23,11.33,11.12,11.28,11.16,11.07,11.11,11.12,11.23,11.28,11.12,11.02,11.28,11.26,11.12,11.24,11.12,11.21,10.98,11.12,11.06,11.34,11.24,11.02,11.23,11.2,10.82,10.73,11.16,11.12,11.06,11.22,11.19,11.03,11.33,11.24,11.16,11.28,11.18,11.14,10.82,10.83,10.9,10.89,11.12,11.2,11.28,11.33,11.22,11.31,11.18,11,11.08,11.02,11.13,11.16,11.12,11.16,11.12,11.33,11.39,11.34,10.86,10.78,11.25,11.12,11.13,10.4,11.19,10.84,11,10.9
F11R,9.01,9.05,9.49,9.07,9.06,8.87,9.35,9.1,9.32,9.11,9.36,8.92,9.23,9.2,9.33,9.15,9.17,8.97,9.02,9.07,8.91,9.12,9.04,8.99,9.08,8.91,9.17,9.08,8.94,8.69,8.93,9.03,9.07,9,8.98,9.01,9.09,9.04,8.97,9.13,9.25,9.21,9.1,8.99,8.96,9.02,9.17,9,9,9.09,9.15,9.13,9.2,8.91,9.17,8.98,10.18,10.19,9.06,9.07,9.08,9.2,9.01,9.02,9.2,8.92,9.03,9.03,9.19,9.15,10.09,10.1,10.09,10.12,7.9,8.94,8.97,8.95,9.02,8.87,9.01,9.21,9.17,9.1,9.19,9.13,8.86,8.14,8.08,8.11,8.25,8.3,9.18,9.68,9.3,9.02,9.07,7.84,8.34,8.91,9.03,8.98
F11R,6.69,6.73,6.38,6.58,6.55,6.52,6.46,6.56,6.41,6.4,6.08,6.25,6.9,6.91,6.97,7.03,6.58,6.28,6.92,6.71,6.31,6.32,6.77,6.79,6.84,6.85,6.71,6.76,6.35,6.18,6.45,6.58,6.68,6.66,6.77,7.01,6.64,6.63,6.4,6.19,6.57,6.92,6.96,6.57,6.46,6.39,7.05,7.03,6.72,6.91,6.62,6.56,6.92,6.54,6.59,6.44,7.59,7.31,6.56,6.59,6.45,6.52,6.16,6.86,6.65,6.61,6.38,6.41,6.83,7.02,7.98,7.65,7.51,7.42,6.69,6.58,6.46,6.89,6.19,6.22,6.82,6.89,7.12,6.75,6.53,6.79,6.37,6.4,6.48,6.21,6.4,6.57,7.13,6.25,7.26,6.75,6.6,5.65,5.34,6.27,6.23,6.59
F11R,4.01,4.01,3.75,3.82,3.89,3.98,3.89,3.88,3.74,3.93,3.95,3.83,3.91,3.69,3.79,3.84,4.02,3.94,3.99,3.97,3.92,3.92,3.77,3.64,3.98,3.73,3.82,3.92,3.79,3.72,4.05,3.97,3.73,3.88,3.85,3.75,3.68,3.77,3.66,3.67,3.88,3.92,4.05,3.7,3.96,3.8,3.77,3.82,3.9,3.72,3.76,4.09,3.71,3.97,3.84,4.17,3.97,3.6,3.73,3.67,3.85,3.92,4.55,3.87,3.95,3.8,3.91,3.87,3.92,3.85,3.78,3.92,4.14,3.67,4.25,4,3.85,3.87,3.8,3.85,3.86,3.88,3.83,3.77,3.84,3.93,3.68,3.75,3.87,3.92,4.01,3.65,3.95,4.1,4.11,4.16,4.14,4.38,3.95,4.22,4.03,4.27
F11R,3.72,3.77,4.08,3.81,3.74,3.9,3.99,3.83,4.01,3.87,3.89,3.84,3.73,3.72,3.63,3.83,3.86,3.78,3.83,4.04,3.67,3.75,3.55,3.68,3.72,3.75,3.79,3.85,3.7,4.14,4.12,4.01,3.86,4,3.76,3.58,3.68,3.87,3.87,3.9,3.91,3.68,3.87,3.73,3.95,3.99,3.69,3.78,3.74,3.9,3.77,3.97,3.67,3.9,3.87,3.77,3.54,3.78,3.72,3.68,3.89,3.68,3.91,3.61,3.85,3.54,3.93,4.01,3.7,3.75,3.98,3.82,4,3.87,3.89,3.49,3.74,3.77,3.9,4.06,3.7,3.87,3.79,3.98,3.64,3.96,3.65,3.55,3.81,3.84,3.73,3.63,4.22,4.11,3.89,3.92,3.87,4,4.29,4.67,4.24,4.32
F11R,5.86,5.94,6.08,5.51,5.69,5.52,5.68,5.76,5.76,5.65,5.59,5.71,5.75,6.25,5.82,6.01,6.02,5.78,5.71,5.92,5.73,5.3,5.86,6.19,5.77,5.63,5.87,5.54,5.78,6.11,5.64,5.86,5.83,6.05,5.84,6.02,5.88,5.8,5.41,5.33,5.72,5.39,6.3,5.7,5.81,5.7,6.04,6.04,5.77,6.02,6.23,6.01,5.96,5.74,6.08,5.66,6.59,6.63,5.77,5.99,5.84,5.65,5.85,5.8,5.9,5.82,5.46,5.61,6.37,5.65,6.88,6.66,6.82,7.04,5.54,5.98,5.6,5.82,5.57,5.49,5.91,5.68,6.24,5.92,5.77,5.82,5.52,5.39,5.64,4.82,5.38,5.61,6.49,6.82,6.47,6.25,6.14,5.92,4.41,5.66,7.05,5.76
SKIV2L2,8.9,9.05,8.56,8.89,9.15,8.99,8.92,9.05,8.96,8.93,9.29,8.98,7.63,7.41,7.46,8.81,8.91,8.99,8.89,8.82,9.15,9.23,9.15,9.21,9.32,9.14,8.78,8.93,8.98,8.94,9.22,9.16,9.03,9.13,8.88,8.87,8.89,9.01,9.05,9.25,8.9,8.91,9.15,9.1,8.95,9.02,8.88,8.96,8.91,8.85,8.94,8.84,8.8,9.07,9.04,9.17,8.56,8.44,9.06,8.94,9.01,9.16,9.01,8.98,8.98,8.67,8.98,9.01,8.84,9.01,8.34,8.65,8.48,8.43,7.95,9,9.15,9.11,9.36,9.11,9.01,8.79,8.82,8.81,9.06,8.97,8.92,8.04,8.02,8.65,8.53,8.3,8.58,9.06,9.27,8.99,9.02,7.75,8.54,8.23,8.04,8.45
ARL6IP1,10.7,10.91,9.81,10.78,11,11.05,10.82,10.92,10.95,10.91,10.93,10.7,11.37,11.56,11.33,10.68,10.9,11.15,11.07,10.76,10.83,10.95,10.78,10.77,11.1,11.06,10.71,10.58,11.13,11.06,11.09,11.11,11.04,10.96,10.71,10.72,10.8,11,11.07,10.75,11.21,11.28,11.13,11.04,10.91,10.94,10.69,10.7,10.95,10.8,10.67,10.84,10.82,11,10.96,10.92,11.69,11.55,10.9,11.01,10.97,10.77,11.01,10.92,11.1,11.06,11.09,11.17,10.89,11.18,11.69,11.55,11.68,11.59,11.28,11.11,10.97,10.93,11.16,11.04,11.02,11.08,11.05,10.99,11.16,11.22,11.15,11.3,11.33,11.42,11.2,10.93,10.44,9.44,10.69,10.38,10.48,9.84,10.16,8.69,9.97,10.41
DPAGT1,9.98,9.98,10.13,10.2,10.12,9.96,10.07,10.05,10.13,10.08,9.97,10.02,10,10,10.11,9.97,10.19,10.05,9.95,10.02,10.02,10.04,10.31,10.05,10.05,10.14,9.98,9.94,10.02,9.98,10.03,10,10.07,10.03,9.89,9.92,9.96,10.11,10.15,10.17,9.98,10,9.89,10.04,10.05,10.17,10.03,9.82,9.98,9.95,9.93,9.98,9.98,10.14,10.1,10.01,10.44,10.51,9.96,10.14,10.08,9.94,9.99,10.19,10.05,10.07,10.05,10.03,10.08,10.18,10.39,10.44,10.34,10.45,10.25,10.06,10.04,9.97,10.11,10.2,10.09,10.16,10.26,10.15,10.21,10.13,10.1,10.22,10.27,9.95,9.97,10.08,10.18,9.76,10.15,10.1,10.18,9.72,9.6,6.63,9.89,9.91
DPAGT1,9.62,9.46,9.64,9.94,9.5,9.49,9.64,9.62,9.52,9.61,9.5,9.54,9.47,9.7,9.54,9.46,9.56,9.47,9.44,9.43,9.57,9.58,9.44,9.67,9.54,9.64,9.37,9.43,9.55,9.61,9.51,9.48,9.51,9.59,9.45,9.59,9.44,9.61,9.55,9.71,9.47,9.45,9.33,9.63,9.55,9.72,9.47,9.52,9.48,9.41,9.39,9.52,9.49,9.54,9.65,9.64,10.06,10.03,9.51,9.53,9.62,9.51,9.7,9.49,9.56,9.58,9.48,9.58,9.72,9.56,9.99,10.05,9.89,10.05,9.76,9.69,9.57,9.5,9.59,9.57,9.59,9.75,9.83,9.81,9.74,9.7,9.57,9.92,9.85,9.56,9.61,9.82,10.12,9.41,9.81,9.81,9.8,10.12,8.5,7.95,9.65,9.7
TSTD1,9.8,9.86,9.76,9.77,9.75,9.77,9.59,9.67,9.73,9.72,9.71,9.68,9.81,9.78,9.75,9.76,9.75,9.76,9.88,9.84,9.64,9.63,9.49,9.64,9.59,9.79,9.65,9.81,9.78,9.95,9.68,9.82,9.81,9.72,9.85,9.78,9.67,9.81,9.86,9.8,9.68,9.64,9.75,9.67,9.75,9.64,9.67,9.75,9.85,9.82,9.82,9.56,9.6,9.6,9.77,9.66,9.92,9.91,9.77,9.72,9.84,9.83,9.8,9.55,9.6,9.68,9.53,9.73,9.75,9.83,9.78,9.84,9.94,9.78,10.12,9.68,9.61,9.64,9.51,9.51,9.76,9.7,9.77,9.8,9.74,9.64,9.71,9.83,9.94,9.85,9.84,9.77,9.87,9.79,9.59,9.75,9.76,9.11,9.56,8.82,9.94,9.69
MED20,8.24,8.19,7.64,7.99,8.41,8.06,8.08,8.07,8.11,8.07,8.17,7.93,8.23,8.03,8.25,8.35,8.26,8.45,8.47,8.27,8.34,7.94,8.43,8.31,8.24,8.35,8.27,8.03,8.12,8.44,8.25,8.18,8.38,8.28,8.29,8.6,8.26,8.32,8.39,8.51,8.1,8.51,8.23,8.11,8.22,8.34,8.29,8.08,8.43,8.32,8.32,8.05,8.02,8.46,8.17,8.25,7.76,7.51,8.21,8.38,8.18,8.13,8.6,8.44,8.22,8.2,8.32,8.29,7.85,8.37,7.71,7.55,7.5,7.8,7.6,8.33,8.29,8.1,8.55,8.44,8.26,8.03,8.19,8.07,8.09,8.31,8.48,7.8,7.88,8.23,8.07,8.2,7.59,8.04,7.68,7.96,7.85,6.64,8.84,7.68,7.14,7.59
MED20,5.2,5.36,4.21,5.15,5.5,5.17,4.82,5.03,4.77,4.95,4.91,4.86,5.29,5.4,5.19,5.61,5.24,5.49,5.33,5.35,4.74,4.98,5.55,5.41,5.71,5.56,5.65,5.47,5.4,5.14,5.37,5.39,5.15,5.26,5.51,5.5,5.29,5.53,5.62,5.01,5.33,5.5,5.44,5.18,5.14,5.27,5.61,5.26,5.62,5.77,5.22,5.16,5.31,5.3,5.09,5.27,5.13,4.94,5.53,5.79,5.71,5.36,5.16,5.67,5.6,5.16,5.26,5.4,5.01,5.58,4.75,4.81,4.94,4.8,4.93,5.59,5.57,5.56,5.35,5.36,5.45,5.25,5.45,5.49,5.57,5.63,5.65,5.13,5.39,5.47,5.45,5.31,5.41,4.84,5.13,5.06,5.33,6.41,5.78,4.93,4.7,4.66
GPD1,4.43,4.44,4.36,4.24,4.26,4.51,4.5,4.16,4.38,4.44,4.38,4.23,4.52,4.19,4.45,4.37,4.34,4.24,4.36,4.47,4.25,4.17,4.3,4.92,4.42,4.2,4.22,4.33,4.39,4.16,4.15,4.29,4.37,4.2,4.33,4.26,4.49,4.24,4.14,4.31,4.5,4.19,4.24,4.42,4.07,4.46,4.15,4.13,4.03,4.4,4.36,4.4,4.61,4.22,4.34,4.26,4.55,4.47,4.12,4.28,4.2,4.39,4.44,4.11,4.18,3.81,4.44,4.21,4.16,4.5,4.11,4.33,4.3,4.32,4.38,4.42,4.27,4.38,4.21,4.38,4.44,4.45,4.31,4.45,4.09,4.21,4.52,4.34,4.02,4.17,4.17,4.33,4.29,4.11,4.14,4.59,4.77,4.67,4.27,4.37,4.18,4.93
GPD1,5.11,5.27,4.97,4.84,5.19,4.89,5.58,5.14,4.95,5.66,4.84,4.92,5.27,5.47,5.34,4.91,5.21,4.98,5.06,5.69,4.52,4.93,4.96,5,4.8,4.83,5.12,4.7,4.8,5.71,5.15,4.93,5.25,5.36,5.15,4.95,4.62,5.2,5.17,4.72,4.65,4.86,4.7,5.19,5.27,5.19,4.8,4.8,4.97,5.08,5.02,4.54,4.98,5,4.98,4.98,5.11,5.07,5,4.85,5.31,4.61,4.86,5.19,4.82,5.04,5.23,5.12,4.59,4.92,4.8,5.07,4.9,4.72,5.34,5.13,4.86,4.76,4.85,5.2,4.93,5.1,4.97,4.76,4.99,4.86,4.79,4.75,5,4.57,4.74,4.88,4.97,5.17,4.86,5.63,4.93,5.22,5.03,4.74,5.53,5.27
SFPQ,10.7,10.73,10.64,10.63,10.82,10.87,10.73,10.95,10.69,10.78,10.86,10.81,10.43,10.52,10.47,10.53,10.84,10.73,10.82,10.74,10.89,10.94,10.66,10.7,10.89,10.71,10.66,10.66,11.02,11.18,11.02,10.96,10.85,10.9,10.69,10.7,10.6,10.77,10.77,10.94,10.81,10.73,10.79,10.83,10.9,10.83,10.59,10.57,10.66,10.75,10.67,10.58,10.55,10.89,10.79,10.96,10.34,10.42,10.71,10.78,10.63,10.81,11.17,10.98,10.63,10.69,10.75,10.87,10.59,10.68,10.41,10.43,10.47,10.53,10.62,10.82,11.02,10.99,11.02,10.96,10.66,10.64,10.65,10.76,10.85,10.88,10.9,10.76,10.59,10.96,10.93,10.91,10.64,10.58,10.73,10.81,10.81,10.59,9.88,10.44,10.78,10.68
SFPQ,10.59,10.65,10.46,10.71,10.71,10.77,10.59,10.82,10.68,10.63,10.9,10.83,10.36,10.51,10.43,10.51,10.72,10.73,10.72,10.46,10.76,10.93,10.76,10.78,11.01,10.81,10.51,10.56,10.86,11.03,10.87,10.85,10.65,10.77,10.55,10.51,10.57,10.62,10.78,10.85,10.67,10.53,10.56,10.78,10.73,10.72,10.46,10.55,10.48,10.63,10.57,10.4,10.43,10.67,10.63,10.83,10.3,10.34,10.61,10.61,10.61,10.55,10.97,10.73,10.5,10.53,10.58,10.76,10.47,10.59,10.26,10.35,10.29,10.3,10.49,10.73,10.81,10.75,10.94,10.89,10.62,10.45,10.52,10.8,10.77,10.74,10.75,10.62,10.4,10.84,10.69,10.78,10.4,10.45,10.62,10.55,10.62,10.11,10.28,10.18,10.56,10.61
PLG,3.42,3.52,3.72,3.8,3.62,3.57,3.71,3.9,3.9,3.87,3.68,3.47,3.68,3.66,3.6,3.73,3.72,3.75,3.89,3.67,3.7,3.77,3.55,3.36,3.4,3.65,3.54,3.59,3.83,3.69,3.73,3.51,3.58,3.69,3.65,3.39,3.49,3.67,3.54,3.85,3.59,3.79,3.88,3.76,3.56,3.57,3.33,3.62,3.64,3.72,3.85,3.6,3.57,3.63,3.55,3.6,3.59,3.44,3.31,3.55,3.49,3.92,4.02,3.46,3.66,3.6,3.51,3.59,3.46,3.73,3.84,3.8,3.49,3.6,3.32,3.64,3.36,3.52,3.48,3.69,3.62,3.6,3.42,3.44,3.54,3.75,3.48,3.7,4.11,3.62,3.52,3.81,3.9,3.89,3.71,3.57,3.93,4.39,3.87,3.95,4.03,4
PLG,3.85,4.05,3.71,3.97,3.79,3.7,3.93,3.91,3.77,3.94,3.84,3.57,3.73,3.81,4.04,3.6,3.6,3.83,3.56,3.73,3.9,3.88,3.78,3.62,4.15,3.82,3.86,4.23,3.81,4.28,3.65,3.79,3.76,4,3.75,3.88,3.63,3.61,3.83,3.91,3.95,3.76,3.61,3.65,3.88,3.87,3.72,3.74,3.89,4.16,3.74,3.74,3.82,3.89,3.89,3.75,3.66,3.78,3.75,3.48,3.77,3.78,3.72,4.43,3.84,3.94,3.64,3.95,3.73,4.09,3.81,3.92,4.11,3.82,4.01,3.78,3.55,3.8,3.97,3.87,3.86,4.01,3.66,3.74,3.73,4.16,3.83,3.71,4.03,4.07,3.73,3.88,4.02,4.34,3.75,3.74,3.97,4.16,5.05,4,4.13,4.33
BCCIP,7.39,7.28,7.23,7.51,7.39,7.45,7.28,7.12,7.2,7.36,7.3,7.57,7.14,7.18,7.22,7.1,7.33,7.05,7.08,7.06,7.4,7.33,7.4,7.58,7.41,7.56,7.1,7.08,7.41,7.22,7.36,7.26,7.11,7.04,7.17,7.01,6.96,7.35,7.46,7.53,7,6.99,7.09,7.3,7.33,7.32,7.27,7.34,6.81,6.83,7.09,6.7,6.59,7.27,7.13,7.4,7.49,7.74,7.28,7.43,7.38,7.33,7.16,7.27,6.79,6.92,7.19,7.06,6.85,7.48,7.54,7.78,7.64,7.67,8.26,7.47,7.35,7.18,7.34,7.11,7.57,6.95,7.08,7.32,7.22,7.02,7.48,8.12,8.13,7.33,7.48,7.53,7.77,7.02,7.78,7.61,7.64,6.61,8.36,6.45,7.79,7.54
BCCIP,6.43,6.31,6.12,6.25,6.65,6.45,6.39,6.4,6.51,6.31,6.62,6.56,6.33,6.06,6.29,6.5,6.46,6.42,6.3,6.22,6.68,6.59,6.43,6.44,6.17,6.55,6.43,6.21,6.53,6.41,6.62,6.65,6.51,6.54,6.28,6.11,6.19,6.51,6.31,6.55,6.24,6.37,6.36,6.57,6.96,6.57,6.29,6.68,6.17,6.23,6.18,5.91,5.92,6.58,6.45,6.66,6.8,6.37,6.3,6.42,6.41,6.41,6.19,6.65,6.23,6.39,6.49,6.54,6.34,6.52,6.54,6.69,6.57,6.71,7.35,6.37,6.37,6.68,6.63,6.57,6.44,6.28,6.29,6.42,6.31,6.49,6.61,7.25,6.83,6.81,6.86,6.63,6.66,6.73,6.65,6.66,6.66,6.55,7.27,6.42,6.77,6.74
BCCIP,8.81,8.69,7.93,8.42,8.63,8.54,8.43,8.63,8.48,8.56,8.52,8.64,8.47,8.59,8.61,8.47,8.46,8.52,8.59,8.55,8.79,8.59,8.84,8.61,8.75,8.58,8.44,8.59,8.57,8.77,8.69,8.57,8.59,8.64,8.61,8.7,8.39,8.56,8.81,8.69,8.28,8.38,8.27,8.57,8.78,8.61,8.56,8.48,8.54,8.4,8.48,8.17,8.13,8.7,8.67,8.63,8.66,8.67,8.61,8.69,8.51,8.42,8.57,8.82,8.28,8.3,8.36,8.35,8.51,8.71,8.64,8.8,8.69,8.8,9.09,8.65,8.64,8.48,8.57,8.67,8.67,8.57,8.59,8.55,8.52,8.65,8.76,9.17,9.12,8.9,8.51,8.82,9.01,8.39,8.77,8.69,8.64,8.55,8.15,6.53,8.65,9.06
ABCD3,9.18,9.22,9.21,8.94,9.17,9.25,9.25,9.05,9.21,9.21,9.56,9.52,8.77,8.67,8.62,9.27,9.28,9.18,9.17,9.13,9.31,9.45,9,8.83,9,9.03,9.28,9.21,9.33,9.12,9.27,9.6,9.25,9.56,9.15,8.98,9.16,9.1,8.94,9.21,9.2,8.96,9.46,9.23,9.41,9.27,9.17,9.06,9.11,9.24,9.27,8.86,8.86,9.42,9.43,9.28,9.07,9.09,9.26,9.27,9.09,9.33,9.02,9.04,9.12,8.94,9.2,9.23,9.27,9.34,9.2,9.33,9.23,9.27,8.7,9.16,9.36,9.51,9.43,9.24,9.26,9.02,8.92,9.01,9.16,9.04,9.06,8.53,8.76,9.19,9.34,9.07,9.18,9.44,9.52,9.21,9.35,8.48,9.09,8.43,9.07,9.24
POLM,6.74,6.83,6.82,6.79,6.8,6.63,6.55,6.53,6.71,6.8,6.44,6.47,6.7,6.73,6.7,6.87,6.78,6.66,6.98,6.83,6.85,6.39,6.95,6.78,6.74,6.52,6.99,6.66,6.67,6.78,6.66,6.54,6.73,6.55,7.02,6.87,6.87,6.96,6.57,6.94,6.52,6.76,6.49,6.58,6.74,6.84,7.02,6.91,7.07,6.89,6.92,6.98,6.7,6.67,6.63,6.53,6.39,6.38,6.87,6.91,6.8,6.86,6.68,6.71,6.7,6.88,7.23,6.86,6.93,6.63,6.4,6.28,6.57,6.59,6.01,6.89,6.75,6.67,6.77,6.86,6.77,7.07,6.91,7,7.32,6.92,6.71,6,6.13,6,6.05,6.41,7.02,6.92,6.68,7.12,6.9,6.05,5.73,5.6,6.72,6.97
POLM,6.93,6.84,6.84,6.94,6.86,6.75,6.61,6.29,6.91,6.78,6.57,6.41,6.9,6.84,6.63,7.11,6.97,6.92,6.95,6.74,7.01,6.64,7.1,6.87,6.81,6.82,7.09,6.97,6.88,6.63,6.85,6.8,6.71,6.71,7.03,7.05,7.02,7.06,6.77,7.23,6.68,6.71,6.8,6.91,6.91,7.05,7.11,6.74,6.89,6.66,6.95,7.11,7.09,6.66,7.08,6.78,6.37,6.66,6.9,7.17,7.16,6.96,6.42,6.67,7.14,7.12,7.45,6.98,7.14,7.08,6.57,6.51,6.22,6.86,6.07,6.94,6.66,6.79,7.12,7.04,7.04,7.17,7.02,6.98,7.06,6.9,6.78,5.43,5.95,6.27,5.99,6.48,6.84,6.6,6.87,6.42,6.65,5.23,5.46,5.17,5.88,6.33
MRPL9,11.3,11.26,11.25,11.36,11.27,11.19,11.16,11.12,11.19,11.21,11.24,11.28,11.34,11.36,11.36,11.22,11.18,11.19,11.24,11.18,11.14,11.29,11.03,11.17,11.2,11.2,11.19,11.2,11.07,11.21,11.17,11.18,11.14,11.23,11.28,11.19,11.26,11.15,11.2,11.08,11.13,11.15,11.19,11.21,11.27,11.2,11.17,11.22,11.17,11.24,11.19,11.16,11.09,11.14,11.16,11.17,10.35,10.32,11.22,11.2,11.22,11.18,11.24,10.93,11.11,11.15,11.16,11.21,11.19,11.22,10.31,10.39,10.39,10.36,10.67,11.15,11.2,11.16,11.12,11.06,11.22,11.17,11.19,11.16,11.2,11.17,11.16,10.8,10.75,10.92,11.01,10.95,11.26,11.17,10.99,11.13,11.09,11.12,11.08,11,10.84,11.16
SENP2,9.87,9.88,9.72,9.74,9.93,9.81,9.77,9.65,9.82,9.85,9.84,9.81,9.98,9.78,9.87,9.89,9.91,9.73,9.85,9.9,9.82,9.88,9.91,9.84,9.92,9.76,9.88,9.84,9.76,9.7,9.84,9.87,9.87,9.89,9.82,10,9.97,9.78,9.7,9.83,9.74,9.86,10.05,9.79,9.74,9.86,9.97,9.72,9.9,9.89,9.89,9.83,9.86,9.74,10.01,9.87,10.28,10.22,9.83,9.88,9.69,9.98,9.78,9.77,9.92,9.84,9.87,10.01,9.85,9.89,10.25,10.2,10.24,10.26,9.48,9.97,9.95,9.9,10.02,9.96,9.89,9.8,9.83,9.81,9.94,9.77,9.73,9.4,9.52,9.81,9.82,9.88,9.08,8.32,9.98,9.49,9.68,8.4,8.42,8.31,9.12,9.09
SENP2,8.15,8.11,7.55,8.15,8.04,7.96,7.87,8,7.81,7.91,7.62,7.94,8.25,8.2,8.25,7.89,8.14,8.23,8.17,7.96,8.21,7.62,7.99,8.1,8.2,8.09,8.18,8.22,8.03,8.01,8.15,7.98,8.06,8.09,8.28,8.33,8.42,8.16,8.16,8.03,8.07,8.05,8.01,8,8.02,7.96,8,8.14,8.24,8.26,8.23,7.9,8.07,8.15,7.95,8,8.65,8.72,8.11,8.18,8.2,8.04,7.89,8.2,8.13,8.11,8.11,8.12,7.92,8.23,8.68,8.79,8.53,8.49,8,8.1,8.23,8.28,8.23,8.23,8.37,8.2,8.29,8.22,8.13,8.19,8.34,7.96,8.02,8.32,8.08,8.21,7.49,6.24,8.04,7.71,7.98,7.16,7.74,7.23,7.47,7.81
HEBP2,9.66,9.6,9.3,9.59,9.66,9.59,9.57,9.66,9.6,9.42,9.63,9.6,9.65,9.79,9.71,9.53,9.53,9.51,9.59,9.48,9.58,9.58,9.41,9.45,9.63,9.64,9.57,9.51,9.57,9.32,9.57,9.54,9.5,9.43,9.57,9.31,9.4,9.59,9.65,9.58,9.3,9.51,9.58,9.52,9.67,9.45,9.57,9.49,9.44,9.54,9.44,9.47,9.56,9.56,9.49,9.52,9.55,9.49,9.55,9.56,9.62,9.58,9.57,9.51,9.65,9.68,9.67,9.59,9.58,9.53,9.55,9.51,9.59,9.67,10.1,9.56,9.54,9.55,9.66,9.5,9.55,9.64,9.55,9.63,9.76,9.59,9.58,9.93,9.85,9.9,9.78,9.75,9.56,8.78,9.54,9.18,9.19,8.68,8.68,8.87,9.1,8.88
HSPB6,4.5,4.78,4.67,4.73,4.48,4.66,4.31,4.19,4.54,4.68,4.32,4.44,4.59,4.59,4.96,4.93,4.64,4.75,4.75,4.57,4.17,4.41,4.64,4.8,4.5,4.48,4.57,4.79,5.05,4.63,4.65,4.4,4.81,4.54,4.51,4.62,4.76,4.69,4.6,4.52,4.64,4.66,4.44,4.74,4.48,4.4,4.34,4.61,4.79,4.65,4.46,5.06,4.73,4.33,4.52,4.6,4.52,4.33,4.6,4.77,4.82,4.61,5.07,4.78,4.73,4.79,4.48,4.62,4.61,4.64,4.31,4.68,4.33,4.66,4.6,4.68,4.43,4.89,4.33,4.51,4.37,4.82,4.55,4.48,4.52,4.54,4.53,4.88,4.63,4.57,4.42,4.55,4.74,4.86,4.48,5.33,5.01,5.12,4.76,6.27,4.76,5.37
ACTC1,4.12,4.36,4.2,4.43,4.2,4.13,4.23,4.71,4.6,4.49,4.25,4.49,4.2,4.08,4.18,4.65,4.35,4.21,4.29,4.52,4.07,4.55,4.12,4.26,4.14,4.27,4.17,4.13,4.64,4.2,4.47,4.27,4.22,4.33,4.31,3.81,4.3,4.14,4.34,4.19,4.07,4.32,4.19,4.27,4.36,4.17,4.09,4.14,4.19,4.15,4.3,4.12,4.54,4.19,4.33,4.25,3.85,4.24,4.15,3.87,4.2,3.99,4.37,4.13,4.26,4.34,4.08,4.03,4.35,4.39,4.12,4.23,4.27,4.09,4.76,4.12,3.91,4.33,4.2,4.12,4.04,3.94,4.06,4.26,4.35,4.12,4.17,4.39,4.36,4.22,4.29,4.19,4.16,4,4.28,4.16,4.4,5.26,4.19,5.47,4.59,4.35
ACTC1,3.77,4.13,4.04,3.86,4.13,3.88,3.88,4.11,4.14,4.1,3.86,4.04,3.85,4.07,3.96,4.02,3.98,4,3.92,4.26,4.08,3.91,3.86,3.95,3.87,4.03,4.05,4.15,3.93,4.24,4.06,4,4.09,3.95,3.89,3.72,3.97,3.94,3.96,4,3.97,3.95,4.14,4.08,4.11,4.1,3.66,3.95,3.93,4,3.82,3.82,4.05,4.11,3.9,4.05,3.93,3.87,4.02,4.03,3.88,3.83,4.54,3.84,3.92,4,3.87,3.83,3.92,3.81,3.9,4.05,3.87,4.26,3.83,4.26,3.77,4.03,3.79,4.03,3.93,4.17,4.05,4.1,3.82,3.82,4.62,4.06,4.14,3.81,4.09,4.02,4.14,4.79,3.99,4.19,4.07,4.77,4,4.7,4.65,4.33
ITIH2,3.78,3.69,3.88,3.58,3.91,3.57,3.78,3.72,3.82,3.69,3.45,3.61,3.97,3.96,3.75,3.88,3.79,3.62,3.55,3.52,3.77,3.72,3.58,3.56,4.17,3.78,3.71,3.62,3.96,3.71,3.69,3.72,3.76,3.64,3.54,3.77,3.55,3.85,3.85,3.67,3.54,3.63,3.59,3.63,3.6,3.61,3.4,3.83,3.96,3.79,3.8,3.78,3.65,3.62,3.64,3.68,3.84,4.08,3.67,3.73,3.86,4.14,4.04,3.65,3.62,3.46,3.47,3.63,3.77,3.58,3.83,3.85,3.83,4.2,4.16,3.78,3.75,3.54,3.53,3.62,3.58,3.8,3.84,3.61,3.84,3.51,3.9,4.07,4.06,4.14,3.97,3.6,3.85,4.38,3.6,3.98,3.78,4.67,4,4.78,4.83,4.02
PARN,10.82,10.87,11.24,10.95,10.84,10.67,10.9,10.92,10.8,10.85,10.67,10.6,8.95,8.95,8.86,10.73,10.88,10.58,10.68,10.77,10.52,10.68,11.03,11.12,11.04,10.91,10.71,10.8,10.73,10.88,10.76,10.71,10.71,10.68,10.77,10.77,10.81,10.81,11.03,11,10.73,10.77,10.74,10.78,10.79,10.79,10.75,10.73,10.88,10.8,10.85,10.79,10.86,10.71,10.7,10.73,10.72,10.85,10.8,10.87,10.81,10.85,10.91,10.92,10.65,10.84,10.76,10.76,10.84,10.94,10.83,10.74,10.74,10.78,9.94,10.81,10.73,10.78,10.66,10.76,10.83,10.92,10.91,10.86,10.87,10.8,10.81,9.98,9.9,9.9,9.9,9.89,10.64,10.6,10.56,10.75,10.56,10.35,10.28,10.49,10.49,10.61
MOBKL2A,9.18,9.24,9.74,9.4,9.16,9.18,9.34,9.25,9.3,9.15,9.24,9.13,9.61,9.62,9.55,9.37,9.21,9.23,9.29,9.19,9.39,9.21,9.21,9.3,9.21,9.16,9.4,9.3,9.12,9.19,9.29,9.05,9.22,9.3,9.52,9.47,9.45,9.26,9.18,9.29,9.64,9.51,9.64,9.23,9.14,9.19,9.14,9.26,9.38,9.5,9.42,9.31,9.29,9.13,9.13,9.13,9.37,9.31,9.29,9.32,9.24,9.37,9.22,9.36,9.28,9.25,9.33,9.32,9.27,9.25,9.37,9.42,9.32,9.28,8.87,9.13,9.17,9.17,9.43,9.43,9.15,9.26,9.16,9.25,9.21,9.21,9.21,9.15,8.89,9.3,9.34,9.3,8.99,9.15,9.17,9.34,9.16,9.04,9.1,9.13,9.27,8.63
CTNNAL1,7.89,7.73,7.96,7.57,7.75,7.82,7.74,7.64,7.67,7.65,7.88,7.68,7.81,7.84,7.86,7.88,7.74,7.76,7.78,7.66,7.92,7.63,7.65,7.82,7.86,7.9,7.9,7.94,7.88,7.56,7.87,7.95,7.68,7.78,7.67,7.76,7.78,7.75,7.67,7.96,7.8,7.64,7.81,7.59,7.78,7.64,7.77,7.94,7.67,7.54,7.68,7.94,7.83,7.85,7.8,7.69,8.42,8.49,7.91,7.71,7.75,7.84,7.62,7.47,7.96,7.71,7.97,7.87,7.68,7.63,8.49,8.51,8.45,8.52,8.06,7.64,7.73,7.71,7.98,7.82,7.85,7.58,7.5,7.74,7.75,7.54,7.48,8.09,8.05,8.04,7.9,7.92,7.88,6.87,8.12,7.67,7.62,7.17,7.36,7.8,7.16,7.29
YME1L1,11.94,11.89,11.56,11.61,11.92,11.87,11.88,11.87,11.94,11.9,11.89,11.91,11.47,11.39,11.43,11.91,11.88,11.81,11.88,11.9,11.96,11.84,12.29,12.05,12.21,12.02,11.91,11.87,11.87,11.86,11.9,11.92,11.92,11.85,11.83,11.9,11.87,11.85,11.74,11.97,11.88,11.93,12.02,11.82,11.92,11.8,11.9,11.74,11.89,11.86,11.97,11.91,11.93,11.99,11.95,11.9,11.93,11.93,11.88,11.85,11.68,11.85,11.84,11.91,12,11.87,11.93,11.86,11.86,11.89,11.86,11.86,11.89,11.91,11.74,11.85,11.9,12.02,11.88,11.82,11.93,11.73,11.77,11.76,11.8,11.68,11.81,11.68,11.8,11.73,11.8,11.81,11.93,11.82,11.97,11.83,11.84,11.53,11.8,11.76,11.89,11.82
GZMA,4.45,4.91,4.78,4.55,4.51,4.64,4.62,4.54,4.96,5.09,4.75,4.89,4.57,4.63,4.62,4.77,4.72,4.95,4.97,4.77,4.67,4.67,4.72,4.56,4.47,4.54,4.8,4.68,4.83,4.95,4.49,4.67,4.72,4.62,4.46,4.51,4.52,4.75,4.93,4.9,4.71,4.69,4.39,4.86,4.66,4.59,4.74,4.9,4.75,4.81,4.87,4.97,4.73,4.94,4.6,4.69,4.7,4.7,4.59,4.7,4.6,4.68,4.8,5.24,4.59,4.83,4.53,4.58,4.28,4.75,4.43,4.6,4.57,4.96,4.29,5.02,4.71,4.57,4.69,4.59,4.77,4.67,4.38,4.51,4.71,4.78,4.85,4.92,4.98,4.85,4.61,5.15,4.69,4.75,4.63,4.65,5.16,6.37,4.88,4.39,5.34,5.14
MED4,9.39,9.64,9.56,9.63,9.56,9.77,9.64,9.61,9.78,9.54,9.98,9.58,9.47,9.47,9.39,9.7,9.59,9.74,9.78,9.61,9.94,9.97,9.37,9.32,9.58,9.55,9.78,9.64,9.73,9.43,9.88,9.89,9.58,9.82,9.64,9.53,9.66,9.48,9.6,9.6,9.75,9.75,9.89,9.65,9.81,9.65,9.53,9.69,9.57,9.75,9.55,9.43,9.56,9.51,9.67,9.76,9.35,9.29,9.76,9.59,9.57,9.7,9.33,9.55,9.73,9.43,9.52,9.62,9.59,9.51,9.28,9.33,9.5,9.51,9.77,9.67,9.73,9.8,10.02,9.74,9.55,9.53,9.52,9.57,9.53,9.6,9.47,9.53,9.55,10.19,9.99,10.02,9.38,8.67,9.78,9.15,9.28,8.67,8.7,8.75,8.75,8.96
CDC42EP3,6.02,6.01,5.9,6.19,6.04,5.87,6.28,6.02,5.9,6.01,5.79,5.76,7.88,7.69,7.91,6.24,6.03,6.17,6.33,6.13,6.2,5.84,6.7,6.62,6.57,6,6.41,6.46,5.96,6.02,6.21,5.91,6.3,5.94,6.59,6.29,6.35,6.17,6.1,6.17,5.81,6.14,6.09,5.91,5.95,5.96,6.16,6.08,6.33,6.42,6.15,6.37,6.67,6.21,6.29,6.2,7.63,8.05,6.39,6.17,6.19,6.17,6.27,6.05,6.41,6.43,6.26,6.09,6.32,6.26,7.7,7.74,7.67,7.64,7.36,5.97,6.26,6.13,5.94,6.26,6.09,6.32,6.13,6.23,6.32,6.21,6.07,7.51,7.43,6.74,6.53,6.65,5.63,4.61,6.01,5.25,5.39,3.69,3.95,4.56,5.11,5.63
CDC42EP3,7.79,7.63,7.21,7.63,7.66,7.75,7.74,7.73,7.68,7.33,7.65,7.31,9.23,8.96,8.93,7.92,7.83,7.96,8.17,7.96,7.93,7.65,8.24,8.25,8.12,7.67,7.86,8.02,7.87,7.08,7.85,7.8,7.77,7.84,7.82,8.08,7.78,7.72,7.61,7.72,7.67,7.69,7.82,7.79,7.76,7.88,7.74,7.78,7.96,7.85,7.9,8.37,8.31,7.86,7.84,7.75,8.93,8.86,8,7.72,7.88,7.89,7.64,7.79,8.46,7.96,8.1,8.04,7.82,7.91,8.76,8.88,8.97,8.92,8.52,7.74,7.71,7.81,7.89,7.82,7.9,7.87,8,7.99,7.91,8.04,7.73,8.34,8.42,8.06,8.03,7.97,7.08,5.83,7.81,7.1,7.17,6.55,6.02,6.48,6.56,6.57
LYRM5,7.03,7.13,6.16,6.8,7.14,7.1,6.84,7.02,6.98,6.74,7.51,7.47,7.2,7.03,7.05,7.08,6.96,7.08,6.96,6.96,7.36,7.4,7.16,7.13,7.27,6.85,7.01,6.99,7.24,6.65,7.47,7.46,6.88,7,7.15,6.63,6.85,6.73,6.88,7.2,6.81,6.72,7.21,7.05,7.4,7.02,6.69,6.84,6.72,6.8,6.97,6.91,7.19,7.2,7.14,7.09,6.54,6.73,7.28,6.85,7.1,7.08,6.75,6.45,7.47,7.12,7.21,7.32,6.97,7.03,6.67,6.9,7.14,7,6.12,7,7.69,7.18,7.57,7.07,6.89,6.45,6.95,6.91,7.03,7.26,6.73,5.68,5.82,6.93,6.63,6.42,6.35,6.01,7.28,6.34,6.65,6.01,5.97,6.3,5.92,6
UBE4B,8.92,8.88,8.87,8.87,8.97,8.92,8.88,8.97,9.04,8.89,8.92,8.97,7.98,8,7.93,8.95,9.13,8.8,8.91,9,8.88,8.95,8.62,8.77,8.72,8.88,8.93,9,9,8.86,8.93,8.88,9.05,8.94,9,8.98,9.08,8.97,8.87,8.9,9.22,8.99,9,9,8.93,8.95,8.96,8.94,9.1,9.02,9.02,9.15,9.21,9,9.02,9,8.75,8.81,9.01,8.99,8.94,8.96,9.08,8.99,9.09,9.18,9.34,9.09,9.16,9.1,8.67,8.74,8.67,8.81,8.54,8.96,9.08,9.1,9.04,9.08,9.08,9.08,9.19,9.05,9.08,9,9.06,8.43,8.53,8.71,8.79,8.76,9.02,8.43,8.96,9.05,9.08,8.94,8.94,8.97,9.06,8.85
UBE4B,9.42,9.46,9.63,9.15,9.46,9.43,9.64,9.46,9.51,9.35,9.38,9.45,8.58,8.64,8.6,9.44,9.46,9.43,9.5,9.39,9.43,9.43,9.23,9.36,9.11,9.46,9.44,9.44,9.37,9.4,9.55,9.44,9.49,9.44,9.41,9.48,9.47,9.47,9.42,9.5,9.58,9.6,9.65,9.43,9.41,9.53,9.45,9.33,9.49,9.44,9.6,9.42,9.47,9.53,9.57,9.55,9.19,9.12,9.29,9.51,9.32,9.51,9.37,9.5,9.37,9.52,9.75,9.5,9.47,9.45,9.04,9.2,9.14,9.12,9.23,9.42,9.48,9.48,9.67,9.52,9.53,9.42,9.52,9.38,9.43,9.45,9.36,9.06,9.11,9.16,9.26,9.46,9.29,9.06,9.41,9.26,9.38,8.58,9.32,8.92,9.24,9.14
ALDH3A2,9.97,9.93,9.88,10.13,9.97,9.89,9.88,9.97,10.04,9.75,9.92,9.92,9.6,9.49,9.44,10,9.9,10.12,10.12,9.99,9.99,9.99,9.45,9.74,9.54,9.84,10.06,10.17,9.88,9.99,9.9,9.81,9.89,9.8,10.16,10.15,10.16,9.77,9.73,9.91,9.79,9.7,9.71,9.96,9.66,9.84,10.01,10.2,10.14,10.14,10.21,9.26,9.23,9.9,9.79,9.83,10.28,10.35,10.05,9.79,9.96,10.01,9.97,9.75,9.34,9.46,9.62,9.59,9.75,9.97,10.44,10.32,10.34,10.26,9.15,9.9,9.85,9.91,10.04,9.9,9.87,9.74,9.58,9.74,9.86,9.63,9.87,9.16,9.14,9.35,9.47,9.37,9.94,10.33,9.95,9.9,9.88,10.22,9.23,9.92,10.47,10.01
RAB6B,4.25,4.26,3.87,3.96,3.93,4.27,3.96,3.95,4.03,3.97,3.72,4.05,4.37,4.44,4.53,4.1,3.99,3.85,4.2,4.18,4.03,3.76,3.79,4.21,4.39,4.35,4.07,3.99,4.02,3.69,4.25,3.95,4.13,4.27,4.3,4.06,4.02,3.93,3.94,4.1,4.26,3.66,4.13,4.26,4.06,4.32,3.99,3.86,4.03,4.36,4.12,4.12,3.86,4.1,4.28,4.18,4.02,4.2,3.84,4.23,4.44,4.04,4.28,3.74,4.11,4.14,4.24,4.1,4.13,4,4.12,3.96,4.27,4.13,4.2,4.17,4.55,4.3,4.1,4.3,4.28,4.38,3.92,4.21,4.18,4.15,3.94,3.82,4.39,4.39,4.14,4.3,4.2,3.9,3.86,4.32,4.01,3.46,4.17,3.78,3.95,4.2
RAB6B,4.6,4.47,4.9,4.61,4.69,4.66,4.92,4.74,4.74,4.78,4.93,4.68,4.58,4.66,4.84,4.79,4.7,4.83,5.15,4.78,4.89,4.9,4.27,4.07,4.35,4.5,4.39,4.74,4.35,5.56,5.02,4.65,4.48,5.06,4.4,4.67,4.37,4.59,4.68,4.31,4.57,4.75,4.71,4.5,4.57,4.96,4.72,4.64,4.37,4.68,4.53,4.82,4.12,4.31,4.62,4.86,4.56,4.39,4.89,4.73,4.49,4.97,4.53,4.52,4.52,4.5,4.55,4.65,4.77,4.19,4.35,4.4,4.37,4.67,3.97,4.39,4.5,4.38,4.97,4.69,4.6,4.66,4.37,4.65,4.52,4.73,4.36,4.52,4.53,4.53,4.29,4.22,4.88,4.88,4.83,4.94,4.63,4.91,6.09,5.1,5.4,5.41
RAB6B,5.66,5.69,5.88,5.63,5.46,5.49,5.6,5.41,5.66,5.69,5.44,5.58,5.67,5.91,5.58,5.66,5.87,6,5.81,5.73,5.74,5.5,5.65,5.44,5.66,5.73,5.8,5.85,5.49,5.81,5.42,5.71,5.95,5.87,5.66,5.74,5.94,5.96,5.66,5.68,6.03,5.88,5.67,5.79,5.56,5.66,5.76,5.73,6.08,5.77,5.76,5.87,5.74,5.6,5.86,5.54,5.6,5.92,5.79,5.8,5.79,5.95,6.07,5.89,5.54,5.84,5.51,5.73,5.58,5.88,5.6,5.57,5.93,5.92,6.04,5.78,5.77,5.81,5.64,5.55,5.55,5.74,5.83,5.64,5.77,5.83,5.93,5.62,6.08,5.67,5.57,5.34,6.05,6.42,5.66,5.97,5.74,6.27,6.61,6.75,5.44,6.48
FBN1,4.73,4.61,4.67,4.42,4.59,4.87,4.56,4.91,4.58,4.66,4.9,4.69,4.13,4.01,4.16,4.68,4.33,4.71,4.63,4.63,4.69,4.71,4.59,4.8,5.12,4.83,4.61,4.54,4.83,4.83,5.04,4.97,4.6,4.95,4.96,4.79,4.74,4.46,4.83,4.89,4.62,4.54,5.21,4.79,4.65,4.62,4.92,4.7,4.66,4.54,4.74,4.95,5.09,4.9,4.69,4.97,5.12,5.03,5,5.03,4.33,4.78,4.56,4.89,5.22,5.14,4.87,5.04,4.99,4.79,5.43,5.32,5.48,5.26,4.21,4.91,5.11,4.79,5.12,5.04,5.05,4.57,4.63,4.81,5.33,4.62,4.76,4.43,4.18,4.44,4.41,4.53,4.91,5.37,5.47,4.61,4.69,4.87,6.2,4.93,4.46,5.2
FBN1,4.2,4.1,4.24,3.99,4.15,4.39,4.16,4.01,3.91,4.08,4.01,4.09,4.1,4.27,3.71,4.1,4.1,3.89,4.07,4.05,4.08,4.04,4.56,4.46,4.13,4.21,4.27,4.16,4.15,4.71,4.21,3.91,4.44,3.79,4.3,4.6,4.49,4.28,4.31,4.05,4,4.15,4.12,3.95,3.85,4,4.55,4.34,4.13,4.17,4.11,4.05,3.89,4.16,4.02,4.16,4.2,4.38,4.18,3.9,4.13,3.83,4.48,3.82,4.06,4.16,4.12,3.96,4.63,4.19,4.46,4.31,4.39,3.98,4.44,4.11,4.32,3.89,3.97,4.18,4.35,4.36,4.08,3.94,4.02,4.1,4.64,3.77,3.88,3.97,4.31,4.38,4.55,4.83,4.14,4.03,4.32,5.24,5.1,5.28,4.71,4
FBN1,7.71,7.59,5.81,7.52,7.53,7.53,7.69,7.65,7.37,7.31,7.66,7.81,5.82,6.13,5.7,7.43,7.6,7.88,7.55,7.49,8,7.72,7.81,7.92,7.87,7.68,7.39,7.46,7.63,7.7,7.65,7.54,7.68,7.75,7.73,7.78,7.72,7.78,7.58,7.88,7.7,7.38,7.84,7.6,7.7,7.69,7.47,7.62,7.5,7.65,7.91,7.51,7.58,7.98,7.6,7.65,7.84,7.96,7.48,7.58,7.53,7.56,7.36,7.41,7.6,7.6,8.22,7.61,7.67,7.68,7.94,8.26,7.9,7.75,7.32,7.53,7.79,7.92,8.29,7.9,7.56,7.58,7.46,7.86,7.69,7.53,7.8,6.97,7.22,7.43,7.5,7.43,7.59,6.79,7.99,7.36,7.49,7.11,6.81,7.11,7.15,6.85
APOBEC3G,7.64,7.42,7.26,7.33,7.65,7.58,7.64,7.45,7.74,7.49,7.89,7.66,8.26,8.21,8.2,7.78,7.44,7.87,7.77,7.88,7.88,7.69,7.14,7.18,7.31,7.48,7.62,7.86,7.55,7.17,7.64,7.47,7.52,7.67,7.65,7.7,7.71,7.58,7.42,7.28,7.49,7.3,7.54,7.44,7.81,7.4,7.43,7.64,7.69,7.77,7.8,7.7,7.47,7.53,7.48,7.53,7.21,7.16,7.8,7.44,7.33,7.28,7.2,7.23,7.65,7.65,7.71,7.74,7.54,7.4,7.14,7.38,7.62,7.3,6.53,7.28,7.5,7.5,7.59,7.36,7.44,7.55,7.55,7.6,7.55,7.46,7.37,6.43,6.29,7.46,6.99,7.11,7.67,7.61,7.52,7.43,7.07,6.54,6.96,7.49,6.74,7.31
CARHSP1,10.76,10.69,10.85,10.9,10.82,10.58,10.63,10.58,10.57,10.64,10.68,10.71,10.32,10.24,10.32,10.78,10.67,10.53,10.47,10.56,10.5,10.73,10.44,10.51,10.5,10.86,10.8,10.77,10.66,10.57,10.66,10.68,10.62,10.66,10.57,10.56,10.53,10.71,10.95,10.81,10.6,10.45,10.45,10.64,10.75,10.64,10.97,10.9,10.6,10.63,10.48,10.2,10.2,10.55,10.5,10.51,11.02,11.05,10.95,10.86,10.99,10.69,10.66,10.62,10.25,10.45,10.41,10.45,10.77,10.69,11.07,11.05,10.94,10.95,10.05,10.65,10.61,10.49,10.48,10.48,10.79,10.72,10.73,10.78,10.83,10.7,10.72,10.1,10.1,10.43,10.35,10.35,10.65,10.26,10.37,10.64,10.38,10.68,10.48,9.93,10.21,10.29
CARHSP1,8.16,8.35,8.81,8.33,8.46,8.25,8.48,8.4,8.33,8.35,8.36,8.12,8.5,8.44,8.54,8.31,8.23,8.05,8.1,8.09,8.15,8.29,8.32,8.03,8.11,8.39,8.26,8.27,8.2,8.12,8.29,8.16,8.12,8.01,8.02,7.88,8.02,8.15,8.5,8.58,8.14,7.98,8.12,8.32,8.13,8.16,8.78,8.35,8.06,8.06,8.02,7.5,7.57,8.26,8.19,8.24,8.69,8.74,8.46,8.38,8.46,8.41,8.34,8.23,7.51,7.76,7.82,7.74,8.12,8.35,8.69,8.63,8.67,8.68,8.47,8.35,8.22,8.16,8.37,8.18,8.39,8.08,8.13,8.14,8.23,8.12,8.36,8.44,8.45,8.31,8.38,8.59,8.09,7.47,8.05,8.06,8.22,7.27,6.09,7.87,7.54,7.95
SNAI1,4.78,4.77,4.83,4.92,4.92,4.92,4.83,4.8,5.13,5.08,4.92,4.92,5.58,5.56,5.57,4.78,4.96,4.94,4.81,4.96,4.62,4.62,4.82,4.86,5.19,4.93,4.86,4.88,4.9,4.65,4.83,4.86,4.73,5.02,4.6,4.96,4.78,4.77,4.66,4.85,5.24,5.17,4.87,4.73,4.95,4.78,4.7,4.69,4.73,4.96,4.84,5.47,5.13,4.75,5.06,4.79,5.46,5.12,5.04,4.75,4.97,4.86,4.87,4.93,5.39,5.37,4.98,4.86,4.83,4.88,5.25,5.01,5.28,5.14,4.64,4.89,4.92,4.93,4.82,5.02,4.82,5.15,4.7,4.94,4.86,4.93,4.9,5.28,4.94,4.89,4.96,5.31,5.34,4.74,4.85,4.88,4.85,5.29,4.71,5.54,5.51,5.61
C9orf150,4.73,4.92,5.16,4.6,4.74,4.83,5.13,4.76,4.88,5.03,4.66,4.8,5.08,5.46,5.06,5.15,4.9,4.61,4.97,4.89,4.68,4.81,4.79,5.06,5.03,4.67,4.93,4.91,4.9,4.9,4.85,4.93,4.99,4.68,4.92,5.05,5.09,4.87,5.03,5,5.1,5.47,4.78,4.73,4.86,5.18,5.59,4.77,4.98,4.87,4.94,4.89,5.03,5.07,4.82,4.8,4.92,5.22,4.76,4.93,4.84,4.87,5.01,5.26,4.74,4.75,5.01,5.3,4.94,4.79,5.26,4.89,5.07,5.12,5.14,5.29,4.7,4.93,5.08,5.13,4.93,4.95,5.16,5.2,4.89,4.86,4.92,5.25,4.91,5.13,5.36,4.84,5.12,5.45,4.7,4.97,5,6.12,5.54,6.46,5.83,5
C9orf150,3.84,3.97,3.86,3.97,4.03,3.99,4.07,4.13,3.99,4.29,3.99,4.09,3.83,4.06,3.66,3.98,3.84,3.91,3.91,4,3.77,4.16,3.77,4.14,3.85,3.73,3.86,4.03,4.18,4.36,3.7,4.01,4.05,4.02,3.86,3.92,4.01,3.75,3.85,3.92,3.93,4.25,3.93,3.75,3.97,4.1,4.17,3.99,3.82,3.88,3.8,3.97,3.81,3.72,3.98,3.96,3.72,3.81,3.82,3.71,3.99,3.88,4.43,4.09,3.72,3.89,3.75,3.81,3.84,4.22,4.07,3.9,4.07,4.02,3.66,3.78,3.92,3.8,3.7,3.83,4.12,3.74,3.89,3.98,3.92,3.86,3.66,3.91,4.06,3.8,3.76,3.8,4.09,5.38,3.74,3.79,3.91,6.27,4.31,4.87,4.26,3.85
ZBTB4,7.5,7.59,7.52,7.61,7.67,7.5,7.76,7.46,7.72,7.6,7.53,7.52,7.83,7.73,7.75,7.81,7.61,7.53,7.57,7.39,7.88,7.64,7.48,7.45,7.44,7.62,7.47,7.67,7.48,7.51,7.64,7.58,7.66,7.78,7.8,7.63,7.59,7.53,7.34,7.55,7.65,7.51,7.62,7.52,7.62,7.56,7.68,7.56,7.54,7.64,7.74,7.56,7.46,7.86,7.73,7.54,7.48,7.24,7.51,7.66,7.49,7.74,7.48,7.92,7.63,7.64,8.05,7.72,7.51,7.43,7.47,7.21,7.27,7.24,7.65,7.49,7.48,7.75,7.67,7.82,7.49,7.49,7.56,7.37,7.56,7.55,7.5,7.47,7.54,7.75,7.96,7.86,8.04,7.55,7.73,7.71,7.88,7.13,8.18,8.17,8.11,7.25
ZBTB4,6.13,5.98,6.5,6.2,6.11,5.84,6.19,6.14,6.23,6.21,6.09,6.12,6.15,6.03,6.17,5.97,5.97,5.95,5.92,5.84,6.44,6.07,5.9,5.88,5.61,5.77,5.92,5.77,5.79,5.4,6.02,5.75,5.97,6.04,5.98,5.92,6.12,5.94,5.98,6.29,6,6,5.8,6.02,6.15,6.04,5.79,5.8,5.92,6.02,6.1,6.12,5.97,6.08,5.85,5.97,5.88,5.82,6.02,5.94,6.17,6.09,6.23,6.12,6.1,6.4,6.46,6.16,5.96,6.01,5.58,5.87,5.67,5.77,6.16,5.95,6.02,5.95,6.33,6.27,6.03,5.96,5.93,5.75,5.92,6.06,6.08,6.08,5.91,6.25,6.14,6.41,6.03,6.2,5.85,5.84,5.77,6.18,6.98,5.49,5.99,6.47
